../../code_corpus/jsoup/comments/Node.java_14	../../code_corpus/HtmlCleaner/comments/TagNode.java_18	../../code_corpus/jgrapht/comments/
../../code_corpus/jsoup/comments/Element.java_16	../../code_corpus/HtmlCleaner/comments/TagNode.java_14	../../code_corpus/jung_api/comments/
../../code_corpus/google-http-client/comments/HttpRequest.java_60	../../code_corpus/httpclient/comments/HttpClient.java_5	../../code_corpus/HtmlCleaner/comments/
../../code_corpus/google-http-client/comments/HttpRequest.java_60	../../code_corpus/httpclient/comments/HttpClient.java_6	../../code_corpus/jgrapht/comments/
../../code_corpus/google-http-client/comments/HttpRequest.java_60	../../code_corpus/httpclient/comments/HttpClient.java_7	../../code_corpus/jung_api/comments/
../../code_corpus/google-http-client/comments/HttpRequest.java_60	../../code_corpus/httpclient/comments/HttpClient.java_8	../../code_corpus/StanfordCoreNLP/comments/
../../code_corpus/OpenNLP/comments/POSTaggerME.java_13	../../code_corpus/StanfordCoreNLP/comments/MaxentTagger.java_21	../../code_corpus/jgrapht/comments/
../../code_corpus/jung_api/comments/Hypergraph.java_14	../../code_corpus/jgrapht/comments/Graph.java_9	../../code_corpus/HtmlCleaner/comments/
../../code_corpus/jung_api/comments/Hypergraph.java_14	../../code_corpus/jgrapht/comments/Subgraph.java_11	../../code_corpus/OpenNLP/comments/
../../code_corpus/jgrapht/comments/Graph.java_20	../../code_corpus/jung_api/comments/Hypergraph.java_17	../../code_corpus/httpclient/comments/
../../code_corpus/jung_api/comments/Graph.java_18	../../code_corpus/jgrapht/comments/Graph.java_7	../../code_corpus/google-http-client/comments/
../../code_corpus/jung_api/comments/Hypergraph.java_18	../../code_corpus/jgrapht/comments/Graph.java_18	../../code_corpus/HtmlCleaner/comments/
