../../code_corpus/jsoup/comments/Element.java_16	../../code_corpus/HtmlCleaner/comments/TagNode.java_14	../../code_corpus/google-http-client/comments/
../../code_corpus/jsoup/comments/Node.java_14	../../code_corpus/HtmlCleaner/comments/TagNode.java_18	../../code_corpus/google-http-client/comments/
../../code_corpus/jsoup/comments/Element.java_16	../../code_corpus/HtmlCleaner/comments/TagNode.java_14	../../code_corpus/httpclient/comments/
../../code_corpus/jsoup/comments/Node.java_14	../../code_corpus/HtmlCleaner/comments/TagNode.java_18	../../code_corpus/httpclient/comments/
../../code_corpus/google-http-client/comments/HttpRequest.java_60	../../code_corpus/httpclient/comments/HttpClient.java_5	../../code_corpus/HtmlCleaner/comments/
../../code_corpus/google-http-client/comments/HttpRequest.java_60	../../code_corpus/httpclient/comments/HttpClient.java_6	../../code_corpus/HtmlCleaner/comments/
../../code_corpus/google-http-client/comments/HttpRequest.java_60	../../code_corpus/httpclient/comments/HttpClient.java_7	../../code_corpus/HtmlCleaner/comments/
../../code_corpus/google-http-client/comments/HttpRequest.java_60	../../code_corpus/httpclient/comments/HttpClient.java_8	../../code_corpus/HtmlCleaner/comments/
../../code_corpus/OpenNLP/comments/POSTaggerME.java_13	../../code_corpus/StanfordCoreNLP/comments/MaxentTagger.java_21	../../code_corpus/HtmlCleaner/comments/
../../code_corpus/OpenNLP/comments/POSTaggerME.java_13	../../code_corpus/StanfordCoreNLP/comments/MaxentTagger.java_21	../../code_corpus/httpclient/comments/
../../code_corpus/OpenNLP/comments/POSTaggerME.java_13	../../code_corpus/StanfordCoreNLP/comments/MaxentTagger.java_21	../../code_corpus/google-http-client/comments/
